"","D102300","D103780","D104130","D104300","D104310","D107650","D109100","D109350","D109800","D114480","D114500","D115645","D125320","D125852","D125853","D126200","D127350","D127750","D131200","D131440","D132090","D132300","D133239","D137750","D137760","D140600","D143465","D144700","D145500","D153800","D155600","D155601","D157300","D161400","D164230","D165199","D165720","D166760","D168600","D168601","D176807","D181000","D181500","D182830","D188470","D190310","D205700","D208550","D209850","D210050","D211980","D219700","D222100","D226150","D236000","D254200","D254500","D260480","D266600","D267740","D300125","D600319","D600803","D600807","D601208","D601318","D601367","D601518","D601665","D601666","D601682","D601941","D601942","D602080","D602096","D602404","D603266","D604827","D605055","D605526","D605839","D605841","D605844","D606889","D607060","D607154","D607373","D607498","D607499","D607501","D607508","D607516","D607682","D607688","D607822","D607850","D608049","D608895","D608907"
"D102300",1,0.17499,0.12908,0.10269,0.072243,0.123,0.052341,0,0.025038,0.065148,0.01628,0,0.16858,0.077777,0.10839,0.17594,0.030918,0.17948,0,0,0.11895,0.081556,0,0.10233,0.08372,0.048745,0.17071,0.032765,0.035471,0.073826,0.05159,0.04105,0.12337,0.2564,0.23048,0.11154,0.12908,0,0.15731,0.14798,0.044718,0.079838,0.16703,0.077231,0.032522,0.11804,0,0.029624,0.12065,0.11624,0,0.046688,0.084292,0,0.024443,0.069573,0.037918,0.076137,0.058332,0.083568,0.16499,0,0,0.01957,0,0,0.1477,0,0.10547,0,0,0,0,0.12114,0.17695,0.053056,0,0.10447,0.15826,0.046432,0,0.22534,0,0.18766,0.24425,0,0.12822,0.14552,0.1418,0.15048,0.15418,0.14418,0.18491,0.054773,0.17861,0.035373,0.15228,0,0.056011
"D103780",0.17499,1,0.13427,0.25049,0.062416,0.14022,0.14997,0.025185,0.021334,0.15528,0.083632,0.067242,0.14526,0.26849,0.24478,0.19935,0.048769,0.11405,0,0.10944,0.10277,0.070457,0.096517,0.08842,0.14546,0,0.11667,0.084636,0.17237,0.20998,0.098979,0,0.12774,0.24389,0.16576,0.096463,0.055275,0.031869,0.12247,0.10529,0.076985,0.2227,0.23056,0.10017,0.083534,0.10135,0,0.10135,0.25934,0.17317,0.12524,0.17365,0.15982,0.031912,0.12737,0.099643,0.19967,0.13588,0.19056,0.10835,0.14239,0.083365,0.15071,0.16911,0.094884,0.15302,0.29218,0,0.1585,0.095147,0.044242,0.21425,0.094438,0.14859,0.21216,0.045843,0.094438,0.17807,0.1363,0.16128,0,0.047414,0,0.15947,0.066021,0.087526,0.25855,0.12553,0.12186,0.12983,0.21357,0.17443,0.15965,0.047327,0.13206,0,0.24913,0,0.048396
"D104130",0.12908,0.13427,1,0.20078,0.10884,0.18862,0.11165,0.08829,0.041274,0.16404,0.065215,0.30877,0.1496,0.079579,0.10074,0.11021,0.023183,0.1166,0.0528,0.093461,0.33151,0.23885,0.08841,0.13579,0.12682,0,0.055308,0.06654,0.066327,0.084152,0.20441,0.16267,0.11303,0.11717,0.17283,0.11343,0.048152,0.084296,0.12188,0.092785,0.11836,0.18707,0.15667,0.17608,0.050431,0.088272,0,0.11077,0.22092,0.1698,0.069882,0.17129,0.12687,0,0.036535,0.10392,0.10023,0.20364,0.14552,0.28636,0.15108,0,0.052411,0.10391,0,0.026609,0.14226,0.034325,0.20157,0,0.078986,0,0,0.12158,0.13286,0.1196,0,0.22299,0.19786,0.10474,0.1065,0.041259,0.06162,0.1581,0.11498,0.050381,0.26745,0.15719,0.072429,0.13753,0.16542,0.17796,0.3015,0.12355,0.17578,0,0.25461,0,0.12636
"D104300",0.10269,0.25049,0.20078,1,0.38066,0.22084,0.16599,0.062503,0.13044,0.24315,0.1538,0.1664,0.32568,0.25728,0.27301,0.30246,0.072506,0.35783,0.029869,0.20515,0.18279,0.1139,0.12642,0.098242,0.19874,0.039803,0.24191,0.25409,0.35069,0.261,0.1887,0.14064,0.21045,0.24192,0.18044,0.096634,0.13653,0.031447,0.32577,0.34262,0.20912,0.22565,0.40951,0.17225,0.18267,0.067047,0.082617,0.14998,0.28645,0.2397,0.13661,0.25926,0.24918,0,0.21921,0.12772,0.27256,0.12124,0.28598,0.19947,0.12607,0.10278,0.13701,0.28875,0.11704,0.15087,0.36957,0.038223,0.24723,0.1173,0.11435,0.16728,0.1166,0.21431,0.31712,0.21405,0.1166,0.1381,0.41907,0.30622,0.071282,0.023369,0.035008,0.39266,0.21241,0.071614,0.25268,0.12431,0.062797,0.11438,0.17102,0.16066,0.16473,0.2134,0.38173,0.044611,0.27271,0.058848,0.2507
"D104310",0.072243,0.062416,0.10884,0.38066,1,0.18278,0.042009,0,0,0.069883,0.017282,0,0.45253,0.027423,0.023089,0.094018,0,0.54526,0,0,0.19271,0.13211,0,0.055232,0.092952,0,0.073492,0.070165,0.09495,0.062016,0.01758,0,0.13253,0.08622,0.28517,0.040028,0.10351,0,0.27782,0.37355,0.071839,0.034374,0.4601,0.22139,0,0.12793,0,0,0.12008,0.099635,0,0.10059,0.035778,0,0,0.024756,0.040942,0.020073,0.04693,0.13479,0.14143,0,0,0.041569,0,0,0.11534,0,0.11246,0,0,0,0,0.073596,0.49833,0.43804,0,0.14126,0.64296,0.51269,0,0.059185,0,0.66746,0.34253,0,0.13072,0.12382,0.049247,0.12757,0.13228,0.12336,0.19698,0.43048,0.41813,0.037538,0.11611,0,0.63585
"D107650",0.123,0.14022,0.18862,0.22084,0.18278,1,0.09413,0.034959,0.02994,0.18849,0.057949,0.17544,0.14765,0.15376,0.20085,0.19149,0.067584,0.14399,0.020997,0.034653,0.26513,0.33941,0.10845,0.15438,0.17735,0.055224,0,0.12934,0.18492,0.18245,0.098893,0,0.13352,0.30008,0.11252,0.22657,0.096104,0.13231,0.17108,0.18927,0.079996,0.26203,0.22194,0.30604,0.10216,0.070284,0,0.10512,0.23068,0.16482,0.086071,0.16238,0.22377,0,0.058856,0.23536,0.11466,0.20234,0.15803,0.31209,0.15826,0.087717,0.10597,0.12897,0.032924,0.08488,0.15124,0,0.23431,0.033016,0.15663,0.11968,0.032769,0.16051,0.21331,0.12942,0.032769,0.093136,0.20143,0.37758,0,0.25423,0.024553,0.22721,0.11459,0.10378,0.25554,0.15846,0.036356,0.14323,0.22402,0.17459,0.18074,0.13144,0.17965,0.042059,0.24324,0.083883,0.28702
"D109100",0.052341,0.14997,0.11165,0.16599,0.042009,0.09413,1,0.033983,0.00956,0.14832,0.12904,0.088923,0.080773,0.27093,0.22636,0.27312,0.089238,0.077438,0.040984,0.084983,0.023042,0.063227,0.095166,0.079446,0.11485,0.11082,0.16353,0.11718,0.19154,0.16282,0.1156,0,0.14826,0.099956,0.074115,0.043426,0.1423,0.071298,0.10314,0.09528,0.080348,0.2366,0.18922,0.029955,0.096036,0.060711,0.18944,0.21543,0.14781,0.13292,0.05681,0.2384,0.29311,0.11731,0.12612,0.2426,0.33512,0.2754,0.40259,0.032302,0.076656,0.24211,0.12747,0.18933,0.23285,0.23681,0.18434,0,0.10133,0.23279,0.019841,0.24463,0.23292,0.15859,0.12286,0.02058,0.23292,0.061413,0.10041,0.054408,0,0.021286,0.20471,0.057981,0.014818,0.19488,0.096963,0.078762,0.05434,0.081015,0.095917,0.066939,0.053936,0.021246,0.080514,0.12979,0.094509,0,0.021726
"D109350",0,0.025185,0.08829,0.062503,0,0.034959,0.033983,1,0.14685,0.10494,0.26966,0.13354,0,0.022216,0.0187,0.076167,0,0,0.031096,0.050572,0,0,0.43334,0,0.018546,0,0,0.15535,0.046644,0.054618,0.16093,0.11554,0,0.022271,0,0,0,0,0,0,0.12434,0.083557,0.018451,0,0.17824,0.068205,0,0,0.016408,0.040876,0.17175,0.16881,0.028937,0.096879,0.11306,0.060339,0.033611,0.048834,0.12843,0,0,0,0.060632,0.067517,0,0.030795,0.036422,0.078899,0.09123,0,0.051276,0,0,0.031767,0,0,0,0,0,0,0.1786,0,0,0,0,0,0.12087,0,0,0,0,0,0,0,0,0,0.074904,0.070243,0
"D109800",0.025038,0.021334,0.041274,0.13044,0,0.02994,0.00956,0.14685,1,0.24717,0.41839,0.060414,0,0.037365,0.063543,0.082336,0.10348,0,0.13532,0.047164,0,0,0.18523,0.018837,0.049759,0.068863,0.12584,0.4327,0.16038,0.070312,0.17684,0.22396,0,0.018641,0.027656,0,0.047331,0,0.03919,0.072012,0.30511,0.026113,0.090282,0,0.26365,0,0,0.066298,0.061853,0.020714,0.16975,0.17773,0.11072,0,0.1345,0.12238,0.10277,0,0.13129,0,0,0,0.02565,0.11853,0,0,0.12664,0.20414,0.081055,0,0,0.035882,0,0.067687,0.051151,0,0,0,0,0.034276,0.42005,0,0.030181,0.047428,0.056901,0.049408,0.05741,0,0,0,0.022608,0,0,0,0.029027,0.051544,0.14213,0,0
"D114480",0.065148,0.15528,0.16404,0.24315,0.069883,0.18849,0.14832,0.10494,0.24717,1,0.35152,0.15833,0.054064,0.28506,0.27343,0.17464,0.10757,0.063049,0.15728,0.14804,0.11523,0.13816,0.14885,0.086838,0.18516,0.067828,0.076387,0.30627,0.26976,0.20936,0.3429,0.24059,0.16723,0.098646,0.090884,0.053891,0.16084,0.088928,0.09307,0.088698,0.51079,0.24241,0.20577,0.093541,0.1784,0.056791,0.023307,0.15602,0.18952,0.11805,0.37448,0.32437,0.24242,0,0.2369,0.16818,0.25136,0.12966,0.28355,0.12215,0.11085,0.11752,0.13929,0.22643,0.079738,0.19357,0.21407,0.26003,0.29397,0.079939,0.024754,0.14325,0.079397,0.18017,0.20315,0.076996,0.079397,0.095288,0.076052,0.13513,0.23507,0.026563,0.079463,0.1157,0.11137,0.11387,0.13102,0.11104,0.0292,0.11486,0.14867,0.12526,0.088212,0.079541,0.11721,0.084601,0.25944,0,0.081347
"D114500",0.01628,0.083632,0.065215,0.1538,0.017282,0.057949,0.12904,0.26966,0.41839,0.35152,1,0.10242,0,0.15858,0.10287,0.16084,0.080329,0.010402,0.19174,0.10311,0,0,0.41675,0.012252,0.1159,0.044755,0.14153,0.46625,0.21751,0.16182,0.31336,0.22704,0.083357,0.048738,0.017989,0,0.046083,0,0.050073,0.060407,0.29677,0.14878,0.1773,0,0.29728,0.056242,0,0.17137,0.1183,0.044614,0.33222,0.35404,0.19947,0.15853,0.17104,0.18181,0.16019,0.092053,0.33983,0,0,0.023116,0.13541,0.19902,0.026322,0.1923,0.094201,0.15752,0.14335,0.02638,0.028125,0.095703,0.026223,0.10348,0.16857,0,0.026223,0,0.014906,0.067244,0.33884,0,0.058906,0.028642,0.03698,0.096744,0.099079,0,0,0,0.044684,0,0,0,0.074959,0.050174,0.17089,0.035087,0
"D115645",0,0.067242,0.30877,0.1664,0,0.17544,0.088923,0.13354,0.060414,0.15833,0.10242,1,0,0.097869,0.067806,0.13281,0.023685,0.016525,0.05331,0.13827,0,0.03126,0.12267,0.20089,0.14723,0,0,0.14171,0.067057,0.17658,0.23893,0.13248,0.055987,0.080282,0.028536,0.18904,0,0.094995,0.053943,0.030709,0.052178,0.26375,0.079375,0.15608,0.050938,0.059492,0.073042,0.14338,0.10614,0.088903,0.070159,0.193,0.11868,0.056154,0.16536,0.087344,0.13022,0.19735,0.19151,0.17895,0.074636,0,0.079347,0.1657,0,0.026901,0.19731,0.034696,0.14276,0,0.20466,0,0,0.12551,0,0,0,0,0,0,0.1079,0,0.031142,0.068124,0,0.025462,0.15895,0.06524,0,0.067272,0.069796,0.088518,0,0,0.065048,0,0.14102,0.11047,0
"D125320",0.16858,0.14526,0.1496,0.32568,0.45253,0.14765,0.080773,0,0,0.054064,0,0,1,0.06424,0.053803,0.096161,0,0.54347,0,0,0.19876,0.13624,0,0.064006,0.069996,0,0.21099,0.02715,0.044083,0.061692,0,0,0.12333,0.17204,0.31752,0.061919,0.053371,0,0.38537,0.44215,0.05558,0.05325,0.3971,0.21675,0,0.13163,0,0,0.14645,0.23943,0,0.058245,0.013834,0,0,0.038423,0.031632,0.015527,0.036325,0.13927,0.16481,0,0,0,0,0,0.16327,0,0.17605,0,0,0,0,0.087067,0.37567,0.35401,0,0.14156,0.51994,0.34607,0,0.045781,0,0.37463,0.31268,0,0.16728,0.14516,0.1171,0.14999,0.15406,0.14399,0.23023,0.3457,0.42509,0,0.17979,0,0.43139
"D125852",0.077777,0.26849,0.079579,0.25728,0.027423,0.15376,0.27093,0.022216,0.037365,0.28506,0.15858,0.097869,0.06424,1,0.54053,0.22179,0.11322,0.050888,0.079839,0.11052,0,0.062057,0.10561,0.058372,0.17828,0.11688,0.10292,0.14832,0.29761,0.21282,0.12417,0,0.11198,0.17667,0.11736,0.028613,0.076204,0.084152,0.068893,0.077273,0.13472,0.26985,0.21971,0.029595,0.12167,0,0.073046,0.1559,0.20009,0.10629,0.089063,0.16135,0.40169,0,0.22273,0.15682,0.23321,0.13097,0.30217,0.031995,0.1002,0.52084,0.079324,0.19351,0.46057,0.65016,0.2615,0,0.17972,0.46059,0.03915,0.4824,0.4605,0.11823,0.26843,0,0.4605,0.13326,0.072691,0.070585,0.023659,0,0.062341,0.067923,0,0.10197,0.15298,0.088513,0.15346,0.090925,0.14069,0.10987,0.071098,0,0.043993,0.092,0.16926,0,0
"D125853",0.10839,0.24478,0.10074,0.27301,0.023089,0.20085,0.22636,0.0187,0.063543,0.27343,0.10287,0.067806,0.053803,0.54053,1,0.14074,0.18121,0.042616,0.044782,0.037079,0,0.078367,0.11794,0.048974,0.094201,0.14908,0.13026,0.12553,0.34796,0.23394,0.21173,0.051675,0.094309,0.19948,0.074426,0,0.19566,0.11757,0.090515,0.064853,0.14224,0.19787,0.16017,0,0.21175,0,0.061504,0.13078,0.20661,0.10786,0.12964,0.21443,0.39502,0,0.15575,0.20893,0.2207,0.097665,0.27329,0,0.084309,0.34707,0.21126,0.20245,0.32461,0.38455,0.30167,0,0.22039,0.32435,0,0.38235,0.32502,0.20682,0.1802,0,0.32502,0.1104,0.060885,0.16024,0,0,0.078637,0.057186,0.101,0.15354,0.1359,0.074476,0.12998,0.076506,0.13847,0.11139,0.059788,0,0.060473,0.13952,0.14876,0,0
"D126200",0.17594,0.19935,0.11021,0.30246,0.094018,0.19149,0.27312,0.076167,0.082336,0.17464,0.16084,0.13281,0.096161,0.22179,0.14074,1,0.046878,0.13107,0.044985,0.13142,0.075608,0.051844,0.10636,0.20646,0.28,0.058077,0.07328,0.16268,0.22014,0.22931,0.18734,0.054232,0.18917,0.28435,0.16214,0.20688,0.082627,0.031278,0.22498,0.20289,0.14324,0.34486,0.26112,0.21134,0.11417,0.11615,0.083008,0.12399,0.20883,0.091133,0.10133,0.22963,0.37783,0.14275,0.22142,0.26609,0.26897,0.18976,0.39518,0.16776,0.11188,0.10294,0.091198,0.27479,0.11723,0.18507,0.19829,0.038613,0.1118,0.11747,0.11019,0.14632,0.11681,0.23077,0.2247,0.069065,0.11681,0.10215,0.12105,0.098436,0.030188,0.17153,0.052116,0.11647,0.081181,0.085285,0.20309,0.098482,0.061259,0.10168,0.13083,0.14834,0.098134,0.069746,0.20137,0.09174,0.20859,0.088821,0.071466
"D127350",0.030918,0.048769,0.023183,0.072506,0,0.067584,0.089238,0,0.10348,0.10757,0.080329,0.023685,0,0.11322,0.18121,0.046878,1,0,0.028279,0,0,0.10162,0.053491,0.043114,0.035271,0.30009,0.061134,0.081468,0.13253,0.062498,0.10417,0.071476,0,0.063168,0,0.03285,0.23066,0.124,0.07828,0.016285,0.094759,0.065556,0.071602,0.033977,0.082755,0,0,0.077234,0.12235,0,0,0.097676,0.19787,0,0.06387,0.077022,0.045986,0.046431,0.16104,0.036732,0,0.17813,0.056284,0.082258,0.044789,0.02892,0.10555,0.035589,0.063369,0.044888,0.044946,0.039452,0.044621,0.16685,0.092983,0,0.044621,0,0,0,0.075831,0,0,0,0.10488,0,0.021229,0,0,0,0,0.073403,0,0,0.029815,0.23782,0.018835,0,0
"D127750",0.17948,0.11405,0.1166,0.35783,0.54526,0.14399,0.077438,0,0,0.063049,0.010402,0.016525,0.54347,0.050888,0.042616,0.13107,0,1,0,0,0.15454,0.10593,0,0.083038,0.13737,0,0.18097,0.042208,0.057105,0.05993,0.021159,0,0.12799,0.16893,0.27262,0.096365,0.083046,0,0.55366,0.55525,0.043199,0.062242,0.44216,0.25425,0,0.12802,0,0,0.15303,0.15369,0,0.08309,0.032295,0,0,0.10602,0.036922,0.024194,0.037798,0.13531,0.1497,0,0,0.025006,0,0,0.15714,0,0.11959,0,0.03319,0,0,0.14048,0.39894,0.36289,0,0.11042,0.57301,0.27959,0,0.035617,0,0.48434,0.33338,0,0.13036,0.13172,0.092788,0.13606,0.13995,0.15056,0.17948,0.35821,0.51578,0.022592,0.1549,0,0.34792
"D131200",0,0,0.0528,0.029869,0,0.020997,0.040984,0.031096,0.13532,0.15728,0.19174,0.05331,0,0.079839,0.044782,0.044985,0.028279,0,1,0.029981,0,0,0.054942,0,0.04626,0,0,0.14595,0.074003,0.1804,0.053907,0.048071,0,0,0,0,0,0,0.018119,0.042443,0.21425,0.068534,0,0,0.10406,0,0,0.061139,0.038895,0.024172,0.1337,0.136,0.069549,0,0.025684,0.096341,0.040145,0.01954,0.091389,0,0,0,0.036446,0.060664,0,0.074244,0.021734,0.23297,0.0273,0,0,0,0,0.037918,0,0,0,0,0,0,0.13915,0,0.042951,0.031372,0,0.035123,0.025308,0,0,0,0,0,0,0,0.019386,0,0.022456,0,0
"D131440",0,0.10944,0.093461,0.20515,0,0.034653,0.084983,0.050572,0.047164,0.14804,0.10311,0.13827,0,0.11052,0.037079,0.13142,0,0,0.029981,1,0,0,0.080686,0,0.10992,0,0,0.13312,0.096133,0.081452,0.17305,0.14856,0.063554,0.043375,0,0,0,0,0,0,0.11648,0.15859,0.087481,0,0.11277,0,0.082378,0.1282,0.049416,0,0.10297,0.11227,0.086757,0,0.24472,0.078958,0.17572,0.12118,0.13987,0,0,0,0.059762,0.27588,0,0.15506,0.10798,0.039021,0.070456,0,0,0.0874,0,0.075003,0.15117,0,0,0,0,0.07991,0.12106,0,0,0,0,0.057763,0.063579,0,0,0,0.053292,0,0,0,0.016338,0,0.079912,0,0
"D132090",0.11895,0.10277,0.33151,0.18279,0.19271,0.26513,0.023042,0,0,0.11523,0,0,0.19876,0,0,0.075608,0,0.15454,0,0,1,0.57788,0,0.090948,0.074403,0,0,0.02887,0.09392,0.065605,0,0,0.17497,0.089852,0.26732,0.13199,0.11377,0,0.12301,0.14382,0.11841,0.056576,0.14152,0.27518,0,0.20859,0,0,0.25999,0.31687,0,0.082738,0.029457,0,0,0.081904,0.033667,0.033063,0.02574,0.60544,0.23288,0,0,0,0,0,0.14751,0,0.13896,0,0,0,0,0.06052,0.1844,0.28304,0,0.36875,0.40673,0.24787,0,0.097482,0,0.21261,0.27199,0,0.33219,0.31658,0,0.21154,0.33134,0.31099,0.63123,0.2924,0.24119,0,0.29473,0,0.29904
"D132300",0.081556,0.070457,0.23885,0.1139,0.13211,0.33941,0.063227,0,0,0.13816,0,0.03126,0.13624,0.062057,0.078367,0.051844,0.10162,0.10593,0,0,0.57788,1,0,0.062355,0.051011,0.11227,0,0.039608,0.064383,0.04498,0,0,0.11994,0.092393,0.18323,0.090491,0.19549,0.17928,0.084316,0.09858,0.081175,0.077668,0.097004,0.18862,0,0.14303,0,0,0.18871,0.2011,0,0.070941,0.080942,0,0,0.11226,0.023095,0.045543,0.052998,0.38894,0.15963,0.11952,0,0.023581,0,0,0.10111,0,0.095259,0,0,0,0,0.13431,0.12641,0.19403,0,0.19438,0.2544,0.16992,0,0.06687,0,0.14574,0.18644,0,0.21075,0.18317,0,0.145,0.19309,0.18084,0.49231,0.20044,0.15104,0.085505,0.18699,0,0.205
"D133239",0,0.096517,0.08841,0.12642,0,0.10845,0.095166,0.43334,0.18523,0.14885,0.41675,0.12267,0,0.10561,0.11794,0.10636,0.053491,0,0.054942,0.080686,0,0,1,0.050269,0.12771,0.029535,0,0.27085,0.11269,0.10047,0.24677,0.065002,0.016087,0.11868,0.0246,0,0.020958,0,0.035936,0.028441,0.17363,0.15096,0.066971,0,0.27589,0.076919,0,0.03827,0.11742,0.049514,0.21515,0.225,0.13337,0.096936,0.14113,0.12469,0.11679,0.098632,0.2553,0,0,0,0.139,0.1065,0,0.094834,0.11512,0.067276,0.14275,0,0,0.09874,0,0.10581,0.04536,0,0,0.033108,0,0.16116,0.14541,0,0.026847,0.022732,0,0.088108,0.13267,0,0,0,0.060851,0,0,0,0.025789,0.022769,0.12139,0,0
"D137750",0.10233,0.08842,0.13579,0.098242,0.055232,0.15438,0.079446,0,0.018837,0.086838,0.012252,0.20089,0.064006,0.058372,0.048974,0.20646,0.043114,0.083038,0,0,0.090948,0.062355,0.050269,1,0.62654,0.068939,0.026063,0.024855,0.026907,0.29024,0.12522,0,0.11285,0.2391,0.11488,0.28891,0.097879,0.11256,0.13234,0.11008,0.067849,0.23187,0.12296,0.27201,0,0.059789,0,0.11147,0.13254,0.052946,0,0.071126,0.11435,0,0,0.14067,0.11732,0.14458,0.12208,0.3356,0.15049,0,0,0.029466,0,0,0.063382,0,0.079621,0,0.47652,0,0,0.19793,0.052854,0.040572,0,0.050095,0.071486,0.035506,0,0.041963,0.093995,0.068494,0.05843,0.07685,0.15679,0.13189,0.034824,0.13657,0.1407,0.15356,0.10461,0.041885,0.084775,0.053181,0.17223,0.10627,0.042832
"D137760",0.08372,0.14546,0.12682,0.19874,0.092952,0.17735,0.11485,0.018546,0.049759,0.18516,0.1159,0.14723,0.069996,0.17828,0.094201,0.28,0.035271,0.13737,0.04626,0.10992,0.074403,0.051011,0.12771,0.62654,1,0.056399,0.042582,0.11758,0.13644,0.30843,0.19618,0.02867,0.13872,0.22302,0.093979,0.237,0.10009,0.092087,0.19735,0.15579,0.12683,0.27887,0.22904,0.22322,0.082637,0.048912,0,0.18407,0.16831,0.043315,0.07545,0.16854,0.21018,0,0.12342,0.18765,0.2285,0.19194,0.21998,0.19517,0.12314,0,0.065888,0.15922,0,0.16475,0.10497,0.028559,0.08142,0,0.38172,0.094996,0,0.17294,0.2438,0.033191,0,0.040983,0.097624,0.14627,0.024315,0.034329,0.076896,0.093589,0.0478,0.1265,0.19059,0.10792,0.028491,0.11175,0.17366,0.12565,0.085583,0.034265,0.092588,0.11351,0.18647,0.087646,0.03504
"D140600",0.048745,0,0,0.039803,0,0.055224,0.11082,0,0.068863,0.067828,0.044755,0,0,0.11688,0.14908,0.058077,0.30009,0,0,0,0,0.11227,0.029535,0.068939,0.056399,1,0.096552,0.067409,0.10159,0.1003,0.068903,0.11288,0,0.068269,0,0,0.64093,0.10123,0.096204,0.027206,0.093419,0.08669,0.085799,0,0.089507,0,0,0.081518,0.050096,0,0,0.049124,0.23551,0,0.10152,0.1262,0.10294,0.10123,0.20571,0,0,0.2318,0,0.053789,0,0,0.08755,0,0,0,0,0,0,0.21683,0.14781,0,0,0,0,0,0,0,0,0,0.16676,0,0,0,0,0,0,0,0,0,0.024879,0.77658,0,0,0
"D143465",0.17071,0.11667,0.055308,0.24191,0.073492,0,0.16353,0,0.12584,0.076387,0.14153,0,0.21099,0.10292,0.13026,0.07328,0.061134,0.18097,0,0,0,0,0,0.026063,0.042582,0.096552,1,0.1012,0.10166,0.018801,0.099248,0.20571,0.14326,0.12771,0.15621,0,0.098864,0,0.20579,0.16688,0.045905,0.033441,0.38404,0,0.13128,0,0,0.11928,0.19346,0.14025,0,0.079358,0.051167,0,0.049803,0.023659,0.039274,0,0.11398,0,0.069564,0,0,0.097552,0,0,0.12873,0,0.13142,0,0,0,0,0.10421,0.24929,0,0,0.075136,0.26222,0,0,0,0,0.060755,0.079807,0,0.057528,0.062109,0.18854,0.06356,0.064942,0.060958,0.0978,0,0.17485,0.10764,0.1448,0,0
"D144700",0.032765,0.084636,0.06654,0.25409,0.070165,0.12934,0.11718,0.15535,0.4327,0.30627,0.46625,0.14171,0.02715,0.14832,0.12553,0.16268,0.081468,0.042208,0.14595,0.13312,0.02887,0.039608,0.27085,0.024855,0.11758,0.067409,0.1012,1,0.25584,0.10921,0.28574,0.21111,0.083991,0.073897,0.073018,0.018037,0.15582,0.017856,0.050979,0.099894,0.26772,0.15871,0.15672,0.01876,0.24112,0.018997,0.094298,0.15883,0.15049,0.081196,0.36645,0.2606,0.19443,0,0.35133,0.18434,0.20853,0.084141,0.25081,0.020225,0.047694,0.046965,0.085906,0.26842,0.026681,0.12127,0.16668,0.13913,0.11963,0.02675,0,0.096827,0.026565,0.15461,0.1689,0.053434,0.026565,0.015787,0.060504,0.11315,0.33542,0.026669,0.079785,0.10363,0.074722,0.11435,0.14814,0.041689,0,0.042998,0.089786,0.041577,0.022123,0.053352,0.055003,0.067819,0.21891,0,0.054727
"D145500",0.035471,0.17237,0.066327,0.35069,0.09495,0.18492,0.19154,0.046644,0.16038,0.26976,0.21751,0.067057,0.044083,0.29761,0.34796,0.22014,0.13253,0.057105,0.074003,0.096133,0.09392,0.064383,0.11269,0.026907,0.13644,0.10159,0.10166,0.25584,1,0.29464,0.15789,0.066956,0.18171,0.097954,0.079025,0.019526,0.17105,0,0.11936,0.14236,0.19133,0.17987,0.25933,0.061035,0.1428,0.041154,0,0.12775,0.1742,0.12711,0.1274,0.33013,0.30268,0.038853,0.14358,0.11226,0.24629,0.073876,0.28728,0.06569,0.10332,0.12753,0.13982,0.2696,0.1458,0.21583,0.38477,0.070718,0.20966,0.14542,0.031086,0.21477,0.14643,0.17666,0.22465,0.083687,0.14643,0.051439,0.082651,0.20927,0.069961,0.028871,0.043118,0.1436,0.12305,0.11079,0.14433,0.090395,0.032179,0.093165,0.1499,0.12143,0.071905,0.086452,0.098918,0.097454,0.13198,0,0.088416
"D153800",0.073826,0.20998,0.084152,0.261,0.062016,0.18245,0.16282,0.054618,0.070312,0.20936,0.16182,0.17658,0.061692,0.21282,0.23394,0.22931,0.062498,0.05993,0.1804,0.081452,0.065605,0.04498,0.10047,0.29024,0.30843,0.1003,0.018801,0.10921,0.29464,1,0.21182,0.022489,0.20525,0.2441,0.082865,0.17026,0.10729,0.040715,0.19092,0.11333,0.11034,0.2776,0.19264,0.15635,0.088669,0.043128,0,0.14665,0.2118,0.087636,0.095153,0.22623,0.27129,0,0.093982,0.13957,0.27659,0.17146,0.2981,0.25116,0.14477,0.053256,0.14209,0.16423,0.060614,0.20438,0.23715,0.048738,0.11851,0.060783,0.18482,0.13664,0.06033,0.20011,0.15416,0.029266,0.06033,0.036136,0.06888,0.16276,0,0.030269,0.0226,0.15686,0.042148,0.096004,0.19739,0.1268,0.025121,0.13116,0.18665,0.17662,0.075461,0.030213,0.12879,0.077025,0.2023,0.21446,0.030896
"D155600",0.05159,0.098979,0.20441,0.1887,0.01758,0.098893,0.1156,0.16093,0.17684,0.3429,0.31336,0.23893,0,0.12417,0.21173,0.18734,0.10417,0.021159,0.053907,0.17305,0,0,0.24677,0.12522,0.19618,0.068903,0.099248,0.28574,0.15789,0.21182,1,0.40191,0.10877,0.086499,0.059471,0.092657,0.080506,0.071777,0.07631,0.020397,0.1968,0.26712,0.19947,0.096832,0.2305,0.057202,0.046843,0.21498,0.13498,0.037007,0.32954,0.25834,0.20315,0.11692,0.22524,0.13604,0.17734,0.14104,0.28424,0.1322,0.066058,0,0.11917,0.23738,0,0.12624,0.15331,0.044663,0.12904,0,0.12701,0.073485,0,0.2056,0.18899,0,0,0,0.015163,0.068154,0.14403,0,0.079903,0.01455,0.099225,0.1325,0.15271,0.063464,0.15851,0.061,0.10687,0.10113,0,0,0.06334,0.07226,0.24077,0.10241,0
"D155601",0.04105,0,0.16267,0.14064,0,0,0,0.11554,0.22396,0.24059,0.22704,0.13248,0,0,0.051675,0.054232,0.071476,0,0.048071,0.14856,0,0,0.065002,0,0.02867,0.11288,0.20571,0.21111,0.066956,0.022489,0.40191,1,0,0,0,0,0.077586,0,0.041794,0,0.11374,0.0607,0.099676,0,0.20591,0,0,0.10843,0.054449,0,0.32351,0.11533,0.040109,0,0.12084,0.087142,0.096814,0.047029,0.10772,0,0,0,0,0.097569,0,0,0.10359,0.062566,0.098997,0,0,0,0,0.067761,0.083847,0,0,0,0,0,0.17074,0,0,0,0.093274,0,0.033068,0,0,0,0,0,0,0,0.044779,0.084491,0.20401,0.086584,0
"D157300",0.12337,0.12774,0.11303,0.21045,0.13253,0.13352,0.14826,0,0,0.16723,0.083357,0.055987,0.12333,0.11198,0.094309,0.18917,0,0.12799,0,0.063554,0.17497,0.11994,0.016087,0.11285,0.13872,0,0.14326,0.083991,0.18171,0.20525,0.10877,0,1,0.093259,0.19409,0.1924,0.095923,0.054171,0.15327,0.1338,0.19695,0.17716,0.17914,0.14199,0.023494,0.086269,0,0.10765,0.14427,0.15284,0.041535,0.13803,0.15915,0.06336,0.070838,0.085382,0.11132,0.054743,0.18238,0.15317,0.75392,0,0.05317,0.11342,0,0.051765,0.18368,0,0.11513,0,0.037526,0.035999,0,0.21674,0.20347,0.11675,0,0.12479,0.16253,0.13634,0,0.040274,0,0.19743,0.11234,0.049198,0.14711,0.76944,0.15311,0.77407,0.73308,0.67654,0.20305,0.12061,0.15711,0.051795,0.13216,0,0.12335
"D161400",0.2564,0.24389,0.11717,0.24192,0.08622,0.30008,0.099956,0.022271,0.018641,0.098646,0.048738,0.080282,0.17204,0.17667,0.19948,0.28435,0.063168,0.16893,0,0.043375,0.089852,0.092393,0.11868,0.2391,0.22302,0.068269,0.12771,0.073897,0.097954,0.2441,0.086499,0,0.093259,1,0.17381,0.17135,0.09669,0.083426,0.28003,0.2693,0.067087,0.19477,0.26557,0.20951,0.072716,0.089253,0,0.11014,0.27413,0.10524,0.10884,0.08844,0.22776,0,0.074383,0.22789,0.16068,0.20939,0.17756,0.20304,0.099978,0.036576,0.07889,0.10309,0,0.053281,0.16083,0,0.13937,0,0.20244,0.11371,0,0.16875,0.18628,0.040078,0,0.15525,0.21867,0.21818,0,0.44769,0,0.11423,0.087152,0.076191,0.21568,0.088326,0.10667,0.091419,0.16349,0.13152,0.13987,0.041375,0.18484,0.052564,0.22462,0.10448,0.04231
"D164230",0.23048,0.16576,0.17283,0.18044,0.28517,0.11252,0.074115,0,0.027656,0.090884,0.017989,0.028536,0.31752,0.11736,0.074426,0.16214,0,0.27262,0,0,0.26732,0.18323,0.0246,0.11488,0.093979,0,0.15621,0.073018,0.079025,0.082865,0.059471,0,0.19409,0.17381,1,0.083332,0.071828,0,0.21676,0.25285,0.099635,0.11268,0.30068,0.17364,0,0.22238,0,0.03296,0.21981,0.1837,0,0.10452,0.018617,0.04214,0,0.077477,0.042588,0.020896,0.065381,0.18731,0.25945,0,0,0,0,0,0.19003,0,0.2077,0,0,0,0,0.13646,0.27782,0.36341,0,0.19101,0.28615,0.20861,0,0.06161,0.046,0.23525,0.34614,0.037609,0.25195,0.22857,0.339,0.23599,0.24252,0.22667,0.31046,0.37076,0.19114,0,0.26859,0,0.25227
"D165199",0.11154,0.096463,0.11343,0.096634,0.040028,0.22657,0.043426,0,0,0.053891,0,0.18904,0.061919,0.028613,0,0.20688,0.03285,0.096365,0,0,0.13199,0.090491,0,0.28891,0.237,0,0,0.018037,0.019526,0.17026,0.092657,0,0.1924,0.17135,0.083332,1,0.070993,0.21259,0.13617,0.044849,0.024618,0.17991,0.13642,0.54498,0,0.086767,0,0.13028,0.1329,0.051242,0,0.051762,0.11245,0,0,0.12795,0.097095,0.12923,0.08219,0.35066,0.2567,0,0,0.04299,0,0,0.045988,0,0.028885,0,0.29479,0,0,0.24095,0.038336,0.058884,0,0.036053,0.069078,0.051532,0,0.060902,0,0.066265,0.084794,0.037183,0.20358,0.22512,0,0.23287,0.23999,0.25652,0.10108,0.06079,0.082001,0,0.18055,0.16057,0.062164
"D165720",0.12908,0.055275,0.048152,0.13653,0.10351,0.096104,0.1423,0,0.047331,0.16084,0.046083,0,0.053371,0.076204,0.19566,0.082627,0.23066,0.083046,0,0,0.11377,0.19549,0.020958,0.097879,0.10009,0.64093,0.098864,0.15582,0.17105,0.10729,0.080506,0.077586,0.095923,0.09669,0.071828,0.070993,1,0.10594,0.11816,0.097011,0.087893,0.092816,0.1374,0.073862,0.061521,0.074789,0,0.085389,0.088613,0.044168,0,0.091336,0.19557,0,0.072471,0.1322,0.092027,0.090469,0.17084,0.079923,0.062582,0.15066,0,0.14777,0,0,0.10214,0,0.02489,0,0,0,0,0.36263,0.17169,0.050739,0,0.031066,0.11905,0.044404,0,0.052478,0,0.11422,0.22976,0,0.046219,0.083898,0,0.087296,0.058524,0.054589,0.087124,0.052381,0.10702,0.56953,0.041008,0,0.053565
"D166760",0,0.031869,0.084296,0.031447,0,0.13231,0.071298,0,0,0.088928,0,0.094995,0,0.084152,0.11757,0.031278,0.124,0,0,0,0,0.17928,0,0.11256,0.092087,0.10123,0,0.017856,0,0.040715,0.071777,0,0.054171,0.083426,0,0.21259,0.10594,1,0.019039,0,0.048743,0.052649,0.044025,0.08557,0,0,0,0.16032,0.062214,0,0,0.038362,0.091216,0,0,0.050606,0.020822,0.08208,0.095634,0.093585,0.072226,0.10776,0,0.021212,0,0,0,0,0,0,0.113,0,0,0.17958,0,0,0,0,0,0,0,0,0.090036,0,0,0.11047,0.080284,0.063152,0,0.065112,0.067541,0.095029,0,0,0,0.077093,0.047643,0.075706,0
"D168600",0.15731,0.12247,0.12188,0.32577,0.27782,0.17108,0.10314,0,0.03919,0.09307,0.050073,0.053943,0.38537,0.068893,0.090515,0.22498,0.07828,0.55366,0.018119,0,0.12301,0.084316,0.035936,0.13234,0.19735,0.096204,0.20579,0.050979,0.11936,0.19092,0.07631,0.041794,0.15327,0.28003,0.21676,0.13617,0.11816,0.019039,1,0.55555,0.068908,0.12524,0.35621,0.22347,0.070121,0.18193,0,0.060334,0.24333,0.15116,0.03102,0.1155,0.13009,0.019096,0.063892,0.13116,0.070215,0.058983,0.14506,0.15974,0.13588,0,0.017962,0.060936,0,0.023524,0.17524,0,0.13548,0,0.081326,0,0,0.16323,0.33447,0.31884,0,0.14054,0.28689,0.19407,0,0.028357,0,0.2733,0.3693,0.019001,0.1341,0.11949,0.073293,0.12339,0.12703,0.13353,0.14253,0.31892,0.41276,0.09446,0.15002,0.071303,0.24201
"D168601",0.14798,0.10529,0.092785,0.34262,0.37355,0.18927,0.09528,0,0.072012,0.088698,0.060407,0.030709,0.44215,0.077273,0.064853,0.20289,0.016285,0.55525,0.042443,0,0.14382,0.09858,0.028441,0.11008,0.15579,0.027206,0.16688,0.099894,0.14236,0.11333,0.020397,0,0.1338,0.2693,0.25285,0.044849,0.097011,0,0.55555,1,0.053668,0.09628,0.29435,0.1705,0.023392,0.17207,0,0.017588,0.12848,0.23099,0.035256,0.10762,0.050317,0,0.029062,0.14046,0.11733,0.022479,0.070091,0.10077,0.15885,0,0,0.058667,0,0,0.14178,0.02678,0.16017,0,0,0,0,0.11905,0.34518,0.36606,0,0.10248,0.38211,0.2362,0,0.033155,0.024735,0.36751,0.35779,0.020227,0.10612,0.13964,0.085009,0.14422,0.1485,0.15735,0.16669,0.3672,0.42491,0.042037,0.11699,0,0.29447
"D176807",0.044718,0.076985,0.11836,0.20912,0.071839,0.079996,0.080348,0.12434,0.30511,0.51079,0.29677,0.052178,0.05558,0.13472,0.14224,0.14324,0.094759,0.043199,0.21425,0.11648,0.11841,0.081175,0.17363,0.067849,0.12683,0.093419,0.045905,0.26772,0.19133,0.11034,0.1968,0.11374,0.19695,0.067087,0.099635,0.024618,0.087893,0.048743,0.068908,0.053668,1,0.10696,0.16073,0.076954,0.26509,0.051887,0,0.13547,0.11316,0.045897,0.24155,0.24114,0.20946,0,0.17874,0.18529,0.12727,0.074203,0.23234,0.082822,0.065104,0.032002,0.094237,0.16777,0.03644,0.093762,0.18121,0.50874,0.19183,0.036521,0,0.13201,0.036304,0.13934,0.20754,0.10551,0.036304,0.064855,0.062929,0.18507,0.23591,0.0364,0.081535,0.059442,0.15498,0.13361,0.13077,0.056967,0,0.058699,0.12248,0.056786,0.090658,0.109,0.049026,0.074962,0.16267,0,0.11147
"D181000",0.079838,0.2227,0.18707,0.22565,0.034374,0.26203,0.2366,0.083557,0.026113,0.24241,0.14878,0.26375,0.05325,0.26985,0.19787,0.34486,0.065556,0.062242,0.068534,0.15859,0.056576,0.077668,0.15096,0.23187,0.27887,0.08669,0.033441,0.15871,0.17987,0.2776,0.26712,0.0607,0.17716,0.19477,0.11268,0.17991,0.092816,0.052649,0.12524,0.09628,0.10696,1,0.19376,0.16941,0.080477,0.093039,0.045902,0.18123,0.21536,0.1499,0.17149,0.27552,0.29601,0.1843,0.20975,0.19866,0.23706,0.22995,0.37923,0.20871,0.19088,0.068917,0.13306,0.29869,0.052217,0.19556,0.16999,0.042779,0.1761,0.052362,0.17786,0.11769,0.051972,0.22368,0.16724,0.025239,0.051972,0.098711,0.060105,0.088572,0.050242,0.026104,0.039007,0.085264,0.036347,0.1154,0.20948,0.17322,0.20076,0.17474,0.22239,0.19484,0.088081,0.026055,0.088181,0.066706,0.18956,0.065986,0.026644
"D181500",0.16703,0.23056,0.15667,0.40951,0.4601,0.22194,0.18922,0.018451,0.090282,0.20577,0.1773,0.079375,0.3971,0.21971,0.16017,0.26112,0.071602,0.44216,0,0.087481,0.14152,0.097004,0.066971,0.12296,0.22904,0.085799,0.38404,0.15672,0.25933,0.19264,0.19947,0.099676,0.17914,0.26557,0.30068,0.13642,0.1374,0.044025,0.35621,0.29435,0.16073,0.19376,1,0.23874,0.1201,0.11931,0,0.17521,0.32238,0.1465,0.087511,0.27714,0.2427,0.022046,0.1627,0.1263,0.18607,0.11644,0.23951,0.21147,0.11786,0.02873,0.10844,0.18842,0.032699,0.17853,0.2305,0,0.15906,0.03279,0.16332,0.11958,0.032545,0.17934,0.49392,0.23363,0.032545,0.13133,0.44096,0.31213,0,0.032612,0.024349,0.37794,0.30115,0.10421,0.31346,0.10382,0.090259,0.10727,0.16609,0.12044,0.16465,0.23064,0.32026,0.089751,0.34501,0.084587,0.28429
"D182830",0.077231,0.10017,0.17608,0.17225,0.22139,0.30604,0.029955,0,0,0.093541,0,0.15608,0.21675,0.029595,0,0.21134,0.033977,0.25425,0,0,0.27518,0.18862,0,0.27201,0.22322,0,0,0.01876,0.061035,0.15635,0.096832,0,0.14199,0.20951,0.17364,0.54498,0.073862,0.08557,0.22347,0.1705,0.076954,0.16941,0.23874,1,0,0.13547,0,0.10159,0.18178,0.1067,0,0.080703,0.11742,0,0,0.13353,0.043762,0.13502,0.085886,0.46284,0.18905,0,0,0.044634,0,0,0.14368,0,0.090306,0,0.30817,0,0,0.14006,0.20004,0.18394,0,0.11306,0.21792,0.26867,0,0.063346,0,0.22187,0.17668,0,0.24068,0.16536,0,0.17146,0.17683,0.23277,0.21066,0.19002,0.26209,0,0.23823,0.16921,0.32889
"D188470",0.032522,0.083534,0.050431,0.18267,0,0.10216,0.096036,0.17824,0.26365,0.1784,0.29728,0.050938,0,0.12167,0.21175,0.11417,0.082755,0,0.10406,0.11277,0,0,0.27589,0,0.082637,0.089507,0.13128,0.24112,0.1428,0.088669,0.2305,0.20591,0.023494,0.072716,0,0,0.061521,0,0.070121,0.023392,0.26509,0.080477,0.1201,0,1,0,0,0.14285,0.11571,0.028483,0.26687,0.1757,0.16183,0,0.19343,0.33015,0.092917,0.035795,0.11254,0,0,0.046149,0.13954,0.15601,0.05255,0.16964,0.18399,0.089992,0.10205,0.052666,0,0.19065,0.052353,0.14229,0.13284,0,0.052353,0,0,0.13388,0.16826,0,0,0.034945,0.07396,0.13742,0.13359,0,0,0,0.088961,0,0,0,0.021054,0.066996,0.18607,0,0
"D190310",0.11804,0.10135,0.088272,0.067047,0.12793,0.070284,0.060711,0.068205,0,0.056791,0.056242,0.059492,0.13163,0,0,0.11615,0,0.12802,0,0,0.20859,0.14303,0.076919,0.059789,0.048912,0,0,0.018997,0.041154,0.043128,0.057202,0,0.086269,0.089253,0.22238,0.086767,0.074789,0,0.18193,0.17207,0.051887,0.093039,0.11931,0.13547,0,1,0,0,0.064948,0.10799,0,0.081692,0.019384,0.1297,0,0.053843,0.022154,0.043563,0.067937,0.14637,0.11477,0,0.040647,0.022519,0,0,0.072695,0,0.060882,0,0,0,0,0.039785,0.080799,0.18801,0,0.076022,0.10934,0.10861,0,0.064146,0,0.14036,0.32879,0,0.14112,0.10033,0,0.10452,0.10733,0.10009,0.15976,0.19395,0.086807,0,0.075134,0,0.13101
"D205700",0,0,0,0.082617,0,0,0.18944,0,0,0.023307,0,0.073042,0,0.073046,0.061504,0.083008,0,0,0,0.082378,0,0,0,0,0,0,0,0.094298,0,0,0.046843,0,0,0,0,0,0,0,0,0,0,0.045902,0,0,0,0,1,0.041951,0,0,0,0.050138,0.048158,0,0.17453,0.066114,0.23401,0.053723,0.13067,0,0,0.13908,0,0.08309,0.15848,0.10167,0.059549,0,0,0.1587,0,0.13953,0.15811,0,0,0,0.15811,0,0,0,0,0,0.059377,0,0,0.048505,0,0,0,0,0,0,0,0,0,0,0,0,0
"D208550",0.029624,0.10135,0.11077,0.14998,0,0.10512,0.21543,0,0.066298,0.15602,0.17137,0.14338,0,0.1559,0.13078,0.12399,0.077234,0,0.061139,0.1282,0,0,0.03827,0.11147,0.18407,0.081518,0.11928,0.15883,0.12775,0.14665,0.21498,0.10843,0.10765,0.11014,0.03296,0.13028,0.085389,0.16032,0.060334,0.017588,0.13547,0.18123,0.17521,0.10159,0.14285,0,0.041951,1,0.099617,0.082318,0.12427,0.266,0.1744,0.032543,0.19014,0.12039,0.11679,0.20003,0.29194,0.11111,0.057252,0.042022,0.091034,0.38905,0.047836,0.18718,0.073597,0,0,0.047959,0.13415,0.13092,0.047628,0.13647,0.21308,0,0.047628,0,0,0.081164,0,0,0.45186,0.026111,0.067359,0.49193,0.12845,0.075577,0.040134,0.077774,0.10765,0.075331,0,0,0.032348,0.091405,0.10034,0.059934,0
"D209850",0.12065,0.25934,0.22092,0.28645,0.12008,0.23068,0.14781,0.016408,0.061853,0.18952,0.1183,0.10614,0.14645,0.20009,0.20661,0.20883,0.12235,0.15303,0.038895,0.049416,0.25999,0.18871,0.11742,0.13254,0.16831,0.050096,0.19346,0.15049,0.1742,0.2118,0.13498,0.054449,0.14427,0.27413,0.21981,0.1329,0.088613,0.062214,0.24333,0.12848,0.11316,0.21536,0.32238,0.18178,0.11571,0.064948,0,0.099617,1,0.13641,0.12538,0.20939,0.20365,0,0.075158,0.17093,0.15744,0.10952,0.23783,0.29208,0.11142,0.10694,0.13998,0.13746,0.091123,0.099901,0.26721,0.025265,0.19415,0.091358,0.12566,0.16706,0.090723,0.20847,0.20381,0.1195,0.090723,0.19376,0.2109,0.18317,0.021511,0.03036,0.022664,0.17441,0.10584,0.099418,0.64599,0.11584,0.08961,0.10143,0.17533,0.16371,0.23584,0.12136,0.21723,0.057832,0.6204,0.087551,0.12431
"D210050",0.11624,0.17317,0.1698,0.2397,0.099635,0.16482,0.13292,0.040876,0.020714,0.11805,0.044614,0.088903,0.23943,0.10629,0.10786,0.091133,0,0.15369,0.024172,0,0.31687,0.2011,0.049514,0.052946,0.043315,0,0.14025,0.081196,0.12711,0.087636,0.037007,0,0.15284,0.10524,0.1837,0.051242,0.044168,0,0.15116,0.23099,0.045897,0.1499,0.1465,0.1067,0.028483,0.10799,0,0.082318,0.13641,1,0.088964,0.15571,0.023248,0.025514,0.071792,0.047629,0.052377,0.052214,0.10105,0.21614,0.2041,0,0.073456,0.11202,0,0.025146,0.19111,0,0.18529,0,0,0,0,0.071915,0.14462,0.10971,0,0.15499,0.25072,0.096074,0,0.037847,0.08686,0.19272,0.10547,0.071019,0.17157,0.20141,0.096697,0.18518,0.21299,0.19927,0.28401,0.11333,0.19617,0,0.16333,0,0.11591
"D211980",0,0.12524,0.069882,0.13661,0,0.086071,0.05681,0.17175,0.16975,0.37448,0.33222,0.070159,0,0.089063,0.12964,0.10133,0,0,0.1337,0.10297,0,0,0.21515,0,0.07545,0,0,0.36645,0.1274,0.095153,0.32954,0.32351,0.041535,0.10884,0,0,0,0,0.03102,0.035256,0.24155,0.17149,0.087511,0,0.26687,0,0,0.12427,0.12538,0.088964,1,0.1892,0.099926,0,0.24379,0.20133,0.16783,0.031559,0.11559,0,0,0,0.11866,0.22324,0,0.059696,0.12984,0.085006,0.04921,0,0,0.12737,0,0.13839,0.058504,0,0,0.085075,0,0.11814,0.23506,0,0.069899,0,0,0.1738,0.11659,0,0,0,0.078498,0,0,0,0.048289,0,0.21738,0,0
"D219700",0.046688,0.17365,0.17129,0.25926,0.10059,0.16238,0.2384,0.16881,0.17773,0.32437,0.35404,0.193,0.058245,0.16135,0.21443,0.22963,0.097676,0.08309,0.136,0.11227,0.082738,0.070941,0.225,0.071126,0.16854,0.049124,0.079358,0.2606,0.33013,0.22623,0.25834,0.11533,0.13803,0.08844,0.10452,0.051762,0.091336,0.038362,0.1155,0.10762,0.24114,0.27552,0.27714,0.080703,0.1757,0.081692,0.050138,0.266,0.20939,0.15571,0.1892,1,0.30927,0.16668,0.18709,0.17851,0.21956,0.21008,0.40426,0.087289,0.08033,0.067058,0.22536,0.32758,0.076335,0.18067,0.21066,0.12361,0.2195,0.076532,0.056348,0.11986,0.076001,0.14753,0.18292,0.07506,0.076001,0.033982,0.097991,0.14924,0.14546,0.019073,0.17835,0.13657,0.10797,0.21944,0.21735,0.081131,0.037091,0.083642,0.10749,0.1009,0.063339,0.076232,0.1236,0.07589,0.2102,0.026185,0.078082
"D222100",0.084292,0.15982,0.12687,0.24918,0.035778,0.22377,0.29311,0.028937,0.11072,0.24242,0.19947,0.11868,0.013834,0.40169,0.39502,0.37783,0.19787,0.032295,0.069549,0.086757,0.029457,0.080942,0.13337,0.11435,0.21018,0.23551,0.051167,0.19443,0.30268,0.27129,0.20315,0.040109,0.15915,0.22776,0.018617,0.11245,0.19557,0.091216,0.13009,0.050317,0.20946,0.29601,0.2427,0.11742,0.16183,0.019384,0.048158,0.1744,0.20365,0.023248,0.099926,0.30927,1,0.073943,0.15738,0.21799,0.35171,0.35556,0.40651,0.13309,0.032444,0.34157,0.16017,0.3473,0.30327,0.44783,0.19923,0.065673,0.11723,0.30324,0.12891,0.3417,0.30328,0.20576,0.20947,0.02631,0.30328,0.066218,0.030862,0.092491,0.046435,0.19725,0.040777,0.029613,0.078011,0.11987,0.14276,0.028359,0,0.029253,0.0765,0.072003,0.022574,0.027161,0.054963,0.20197,0.14033,0.068523,0.027775
"D226150",0,0.031912,0,0,0,0,0.11731,0.096879,0,0,0.15853,0.056154,0,0,0,0.14275,0,0,0,0,0,0,0.096936,0,0,0,0,0,0.038853,0,0.11692,0,0.06336,0,0.04214,0,0,0,0.019096,0,0,0.1843,0.022046,0,0,0.1297,0,0.032543,0,0.025514,0,0.16668,0.073943,1,0,0,0,0.020595,0.21299,0,0.086188,0,0.038388,0.021268,0,0,0,0,0,0,0,0,0,0.068011,0,0,0,0,0,0,0,0,0,0,0,0,0.053273,0.078279,0.051311,0.079625,0.080347,0.075849,0,0,0,0,0,0,0
"D236000",0.024443,0.12737,0.036535,0.21921,0,0.058856,0.12612,0.11306,0.1345,0.2369,0.17104,0.16536,0,0.22273,0.15575,0.22142,0.06387,0,0.025684,0.24472,0,0,0.14113,0,0.12342,0.10152,0.049803,0.35133,0.14358,0.093982,0.22524,0.12084,0.070838,0.074383,0,0,0.072471,0,0.063892,0.029062,0.17874,0.20975,0.1627,0,0.19343,0,0.17453,0.19014,0.075158,0.071792,0.24379,0.18709,0.15738,0,1,0.099599,0.37407,0.084031,0.21157,0,0.047062,0.034694,0.05015,0.2668,0.039494,0.21266,0.22681,0.033428,0.037981,0.039596,0,0.10814,0.039322,0.07581,0.25484,0,0.039322,0.072342,0,0.067057,0.11928,0,0.029666,0.042947,0.08579,0.072707,0.053714,0.041136,0,0.042418,0.08873,0.041025,0,0,0,0.08148,0.082626,0,0
"D254200",0.069573,0.099643,0.10392,0.12772,0.024756,0.23536,0.2426,0.060339,0.12238,0.16818,0.18181,0.087344,0.038423,0.15682,0.20893,0.26609,0.077022,0.10602,0.096341,0.078958,0.081904,0.11226,0.12469,0.14067,0.18765,0.1262,0.023659,0.18434,0.11226,0.13957,0.13604,0.087142,0.085382,0.22789,0.077477,0.12795,0.1322,0.050606,0.13116,0.14046,0.18529,0.19866,0.1263,0.13353,0.33015,0.053843,0.066114,0.12039,0.17093,0.047629,0.20133,0.17851,0.21799,0,0.099599,1,0.18284,0.15496,0.20051,0.086124,0.067506,0.13267,0.12297,0.13492,0.11327,0.16999,0.14352,0.061602,0.089343,0.11346,0.035095,0.20316,0.11295,0.20476,0.095163,0.036418,0.11295,0.022298,0.042866,0.12779,0.069511,0.037666,0.11285,0.04112,0.079225,0.18763,0.14118,0.059011,0,0.061478,0.12686,0.078651,0.062724,0.037597,0.12878,0.09576,0.17351,0,0.038447
"D254500",0.037918,0.19967,0.10023,0.27256,0.040942,0.11466,0.33512,0.033611,0.10277,0.25136,0.16019,0.13022,0.031632,0.23321,0.2207,0.26897,0.045986,0.036922,0.040145,0.17572,0.033667,0.023095,0.11679,0.11732,0.2285,0.10294,0.039274,0.20853,0.24629,0.27659,0.17734,0.096814,0.11132,0.16068,0.042588,0.097095,0.092027,0.020822,0.070215,0.11733,0.12727,0.23706,0.18607,0.043762,0.092917,0.022154,0.23401,0.11679,0.15744,0.052377,0.16783,0.21956,0.35171,0,0.37407,0.18284,1,0.2517,0.29069,0.047191,0.092756,0.10945,0.12317,0.25481,0.12465,0.22692,0.23851,0.051379,0.13467,0.1249,0.028982,0.19514,0.12421,0.14688,0.17947,0.03007,0.12421,0.095234,0.035343,0.13194,0.040105,0.0311,0.046626,0.067685,0.021651,0.095297,0.11098,0.081133,0.025818,0.083652,0.13934,0.11435,0.051719,0.031043,0.095505,0.079055,0.1598,0,0.031744
"D260480",0.076137,0.13588,0.20364,0.12124,0.020073,0.20234,0.2754,0.048834,0,0.12966,0.092053,0.19735,0.015527,0.13097,0.097665,0.18976,0.046431,0.024194,0.01954,0.12118,0.033063,0.045543,0.098632,0.14458,0.19194,0.10123,0,0.084141,0.073876,0.17146,0.14104,0.047029,0.054743,0.20939,0.020896,0.12923,0.090469,0.08208,0.058983,0.022479,0.074203,0.22995,0.11644,0.13502,0.035795,0.043563,0.053723,0.20003,0.10952,0.052214,0.031559,0.21008,0.35556,0.020595,0.084031,0.15496,0.2517,1,0.31811,0.15362,0.036466,0.053847,0.25119,0.1652,0.061359,0.16331,0.03543,0,0.074088,0.061442,0.14883,0.11078,0.061216,0.12519,0.1208,0.02953,0.061216,0.01808,0.017317,0.077736,0.038412,0.24283,0.068601,0.03329,0.021263,0.093584,0.11713,0.031875,0,0.03288,0.068709,0.048011,0.025336,0.030485,0.051647,0.077738,0.10718,0.081812,0.031174
"D266600",0.058332,0.19056,0.14552,0.28598,0.04693,0.15803,0.40259,0.12843,0.13129,0.28355,0.33983,0.19151,0.036325,0.30217,0.27329,0.39518,0.16104,0.037798,0.091389,0.13987,0.02574,0.052998,0.2553,0.12208,0.21998,0.20571,0.11398,0.25081,0.28728,0.2981,0.28424,0.10772,0.18238,0.17756,0.065381,0.08219,0.17084,0.095634,0.14506,0.070091,0.23234,0.37923,0.23951,0.085886,0.11254,0.067937,0.13067,0.29194,0.23783,0.10105,0.11559,0.40426,0.40651,0.21299,0.21157,0.20051,0.29069,0.31811,1,0.098267,0.071415,0.171,0.1855,0.37132,0.11941,0.22565,0.26614,0.077282,0.20502,0.11966,0.090507,0.17042,0.11899,0.20285,0.21327,0.022989,0.11899,0.090462,0.054632,0.12527,0.11328,0.023777,0.22088,0.090687,0.068141,0.24245,0.19714,0.062955,0.039767,0.064729,0.10695,0.10059,0.060334,0.023733,0.064217,0.17641,0.16894,0.090912,0.02427
"D267740",0.083568,0.10835,0.28636,0.19947,0.13479,0.31209,0.032302,0,0,0.12215,0,0.17895,0.13927,0.031995,0,0.16776,0.036732,0.13531,0,0,0.60544,0.38894,0,0.3356,0.19517,0,0,0.020225,0.06569,0.25116,0.1322,0,0.15317,0.20304,0.18731,0.35066,0.079923,0.093585,0.15974,0.10077,0.082822,0.20871,0.21147,0.46284,0,0.14637,0,0.11111,0.29208,0.21614,0,0.087289,0.13309,0,0,0.086124,0.047191,0.15362,0.098267,1,0.20393,0,0,0.048536,0,0,0.10336,0,0.097192,0,0.3535,0,0,0.17224,0.12897,0.19797,0,0.19154,0.26992,0.17337,0,0.068292,0,0.14898,0.19058,0,0.37864,0.21884,0,0.18496,0.23145,0.25292,0.42336,0.20451,0.18352,0,0.39078,0.20798,0.20915
"D300125",0.16499,0.14239,0.15108,0.12607,0.14143,0.15826,0.076656,0,0,0.11085,0,0.074636,0.16481,0.1002,0.084309,0.11188,0,0.1497,0,0,0.23288,0.15963,0,0.15049,0.12314,0,0.069564,0.047694,0.10332,0.14477,0.066058,0,0.75392,0.099978,0.25945,0.2567,0.062582,0.072226,0.13588,0.15885,0.065104,0.19088,0.11786,0.18905,0,0.11477,0,0.057252,0.11142,0.2041,0,0.08033,0.032444,0.086188,0.047062,0.067506,0.092756,0.036466,0.071415,0.20393,1,0,0,0,0,0,0.18334,0,0.154,0,0.050027,0,0,0.16807,0.17052,0.15562,0,0.16713,0.1867,0.13628,0,0.053681,0,0.23389,0.14952,0.032779,0.17278,0.94585,0.20865,0.9466,0.93936,0.88643,0.27137,0.16076,0.12745,0,0.15474,0,0.16441
"D600319",0,0.083365,0,0.10278,0,0.087717,0.24211,0,0,0.11752,0.023116,0,0,0.52084,0.34707,0.10294,0.17813,0,0,0,0,0.11952,0,0,0,0.2318,0,0.046965,0.12753,0.053256,0,0,0,0.036576,0,0,0.15066,0.10776,0,0,0.032002,0.068917,0.02873,0,0.046149,0,0.13908,0.042022,0.10694,0,0,0.067058,0.34157,0,0.034694,0.13267,0.10945,0.053847,0.171,0,0,1,0,0.02778,0.87656,0.57612,0.15096,0,0.075099,0.87658,0,0.77117,0.87645,0.050959,0,0,0.87645,0,0,0,0,0,0.059478,0,0,0.048587,0.069481,0,0,0,0,0,0,0,0,0.18271,0.061646,0,0
"D600803",0,0.15071,0.052411,0.13701,0,0.10597,0.12747,0.060632,0.02565,0.13929,0.13541,0.079347,0,0.079324,0.21126,0.091198,0.056284,0,0.036446,0.059762,0,0,0.139,0,0.065888,0,0,0.085906,0.13982,0.14209,0.11917,0,0.05317,0.07889,0,0,0,0,0.017962,0,0.094237,0.13306,0.10844,0,0.13954,0.040647,0,0.091034,0.13998,0.073456,0.11866,0.22536,0.16017,0.038388,0.05015,0.12297,0.12317,0.25119,0.1855,0,0,0,1,0.22756,0,0.11019,0.13583,0,0.11548,0,0,0.15661,0,0.12626,0.071946,0,0,0,0,0.14525,0,0,0,0.0311,0,0.14366,0.13763,0,0,0,0.096514,0.061384,0,0,0.038429,0,0.10626,0,0
"D600807",0.01957,0.16911,0.10391,0.28875,0.041569,0.12897,0.18933,0.067517,0.11853,0.22643,0.19902,0.1657,0,0.19351,0.20245,0.27479,0.082258,0.025006,0.060664,0.27588,0,0.023581,0.1065,0.029466,0.15922,0.053789,0.097552,0.26842,0.2696,0.16423,0.23738,0.097569,0.11342,0.10309,0,0.04299,0.14777,0.021212,0.060936,0.058667,0.16777,0.29869,0.18842,0.044634,0.15601,0.022519,0.08309,0.38905,0.13746,0.11202,0.22324,0.32758,0.3473,0.021268,0.2668,0.13492,0.25481,0.1652,0.37132,0.048536,0,0.02778,0.22756,1,0.031624,0.21646,0.17005,0.051798,0.091075,0.031705,0.058993,0.11494,0.031486,0.21158,0.20277,0,0.031486,0.057376,0.035841,0.080748,0.022461,0,0.25101,0.034393,0.044445,0.31085,0.11948,0,0,0,0.053657,0.050869,0,0,0.042585,0.060306,0.097257,0,0
"D601208",0,0.094884,0,0.11704,0,0.032924,0.23285,0,0,0.079738,0.026322,0,0,0.46057,0.32461,0.11723,0.044789,0,0,0,0,0,0,0,0,0,0,0.026681,0.1458,0.060614,0,0,0,0,0,0,0,0,0,0,0.03644,0.052217,0.032699,0,0.05255,0,0.15848,0.047836,0.091123,0,0,0.076335,0.30327,0,0.039494,0.11327,0.12465,0.061359,0.11941,0,0,0.87656,0,0.031624,1,0.65749,0.17261,0,0.085496,0.99998,0,0.87975,0.99993,0,0,0,0.99993,0,0,0,0,0,0.067708,0,0,0.05531,0.079081,0,0,0,0,0,0,0,0,0,0.070164,0,0
"D601318",0,0.15302,0.026609,0.15087,0,0.08488,0.23681,0.030795,0,0.19357,0.1923,0.026901,0,0.65016,0.38455,0.18507,0.02892,0,0.074244,0.15506,0,0,0.094834,0,0.16475,0,0,0.12127,0.21583,0.20438,0.12624,0,0.051765,0.053281,0,0,0,0,0.023524,0,0.093762,0.19556,0.17853,0,0.16964,0,0.10167,0.18718,0.099901,0.025146,0.059696,0.18067,0.44783,0,0.21266,0.16999,0.22692,0.16331,0.22565,0,0,0.57612,0.11019,0.21646,0.65749,1,0.16182,0,0.082633,0.65719,0,0.68565,0.65793,0.036025,0.27263,0,0.65793,0,0,0.09816,0,0,0.043466,0,0,0.15539,0.10356,0,0,0,0.065464,0,0,0,0,0,0.09801,0,0
"D601367",0.1477,0.29218,0.14226,0.36957,0.11534,0.15124,0.18434,0.036422,0.12664,0.21407,0.094201,0.19731,0.16327,0.2615,0.30167,0.19829,0.10555,0.15714,0.021734,0.10798,0.14751,0.10111,0.11512,0.063382,0.10497,0.08755,0.12873,0.16668,0.38477,0.23715,0.15331,0.10359,0.18368,0.16083,0.19003,0.045988,0.10214,0,0.17524,0.14178,0.18121,0.16999,0.2305,0.14368,0.18399,0.072695,0.059549,0.073597,0.26721,0.19111,0.12984,0.21066,0.19923,0,0.22681,0.14352,0.23851,0.03543,0.26614,0.10336,0.18334,0.15096,0.13583,0.17005,0.17261,0.16182,1,0.028287,0.22885,0.17213,0,0.24715,0.17337,0.16309,0.26297,0.098566,0.17337,0.1679,0.1577,0.20372,0.043423,0.034002,0.025387,0.22941,0.16869,0.0847,0.24622,0.16112,0.089012,0.16635,0.23023,0.19668,0.17096,0.10182,0.13606,0.070276,0.26049,0,0.14027
"D601518",0,0,0.034325,0.038223,0,0,0,0.078899,0.20414,0.26003,0.15752,0.034696,0,0,0,0.038613,0.035589,0,0.23297,0.039021,0,0,0.067276,0,0.028559,0,0,0.13913,0.070718,0.048738,0.044663,0.062566,0,0,0,0,0,0,0,0.02678,0.50874,0.042779,0,0,0.089992,0,0,0,0.025265,0,0.085006,0.12361,0.065673,0,0.033428,0.061602,0.051379,0,0.077282,0,0,0,0,0.051798,0,0,0.028287,1,0.069858,0,0,0,0,0.026117,0,0,0,0,0,0,0.21848,0,0,0,0,0,0.03294,0,0,0,0,0,0,0,0,0,0.057452,0,0
"D601665",0.10547,0.1585,0.20157,0.24723,0.11246,0.23431,0.10133,0.09123,0.081055,0.29397,0.14335,0.14276,0.17605,0.17972,0.22039,0.1118,0.063369,0.11959,0.0273,0.070456,0.13896,0.095259,0.14275,0.079621,0.08142,0,0.13142,0.11963,0.20966,0.11851,0.12904,0.098997,0.11513,0.13937,0.2077,0.028885,0.02489,0,0.13548,0.16017,0.19183,0.1761,0.15906,0.090306,0.10205,0.060882,0,0,0.19415,0.18529,0.04921,0.2195,0.11723,0,0.037981,0.089343,0.13467,0.074088,0.20502,0.097192,0.154,0.075099,0.11548,0.091075,0.085496,0.082633,0.22885,0.069858,1,0.085709,0,0.07532,0.085134,0.12169,0.16362,0.12382,0.085134,0.13204,0.17243,0.10843,0.10622,0.04271,0.031889,0.11649,0.089231,0.026072,0.15537,0.13563,0.19799,0.13946,0.14396,0.18049,0.17929,0.12791,0.14567,0.02719,0.18404,0,0.13082
"D601666",0,0.095147,0,0.1173,0,0.033016,0.23279,0,0,0.079939,0.02638,0,0,0.46059,0.32435,0.11747,0.044888,0,0,0,0,0,0,0,0,0,0,0.02675,0.14542,0.060783,0,0,0,0,0,0,0,0,0,0,0.036521,0.052362,0.03279,0,0.052666,0,0.1587,0.047959,0.091358,0,0,0.076532,0.30324,0,0.039596,0.11346,0.1249,0.061442,0.11966,0,0,0.87658,0,0.031705,0.99998,0.65719,0.17213,0,0.085709,1,0,0.87975,0.99983,0,0,0,0.99983,0,0,0,0,0,0.067882,0,0,0.055452,0.0793,0,0,0,0,0,0,0,0,0,0.070358,0,0
"D601682",0,0.044242,0.078986,0.11435,0,0.15663,0.019841,0.051276,0,0.024754,0.028125,0.20466,0,0.03915,0,0.11019,0.044946,0.03319,0,0,0,0,0,0.47652,0.38172,0,0,0,0.031086,0.18482,0.12701,0,0.037526,0.20244,0,0.29479,0,0.113,0.081326,0,0,0.17786,0.16332,0.30817,0,0,0,0.13415,0.12566,0,0,0.056348,0.12891,0,0,0.035095,0.028982,0.14883,0.090507,0.3535,0.050027,0,0,0.058993,0,0,0,0,0,0,1,0,0,0.078733,0,0,0,0,0,0,0,0,0,0,0,0,0.16855,0.043731,0,0.045092,0.046783,0.088121,0,0,0.028226,0,0.18224,0.21935,0
"D601941",0,0.21425,0,0.16728,0,0.11968,0.24463,0,0.035882,0.14325,0.095703,0,0,0.4824,0.38235,0.14632,0.039452,0,0,0.0874,0,0,0.09874,0,0.094996,0,0,0.096827,0.21477,0.13664,0.073485,0,0.035999,0.11371,0,0,0,0,0,0,0.13201,0.11769,0.11958,0,0.19065,0,0.13953,0.13092,0.16706,0,0.12737,0.11986,0.3417,0,0.10814,0.20316,0.19514,0.11078,0.17042,0,0,0.77117,0.15661,0.11494,0.87975,0.68565,0.24715,0,0.07532,0.87975,0,1,0.87965,0.076778,0.10522,0,0.87965,0,0,0.20937,0,0,0.059652,0,0,0.19999,0.18119,0,0,0,0.13916,0,0,0,0,0,0.1703,0,0
"D601942",0,0.094438,0,0.1166,0,0.032769,0.23292,0,0,0.079397,0.026223,0,0,0.4605,0.32502,0.11681,0.044621,0,0,0,0,0,0,0,0,0,0,0.026565,0.14643,0.06033,0,0,0,0,0,0,0,0,0,0,0.036304,0.051972,0.032545,0,0.052353,0,0.15811,0.047628,0.090723,0,0,0.076001,0.30328,0,0.039322,0.11295,0.12421,0.061216,0.11899,0,0,0.87645,0,0.031486,0.99993,0.65793,0.17337,0,0.085134,0.99983,0,0.87965,1,0,0,0,1,0,0,0,0,0,0.067413,0,0,0.055069,0.078709,0,0,0,0,0,0,0,0,0,0.069834,0,0
"D602080",0.12114,0.14859,0.12158,0.21431,0.073596,0.16051,0.15859,0.031767,0.067687,0.18017,0.10348,0.12551,0.087067,0.11823,0.20682,0.23077,0.16685,0.14048,0.037918,0.075003,0.06052,0.13431,0.10581,0.19793,0.17294,0.21683,0.10421,0.15461,0.17666,0.20011,0.2056,0.067761,0.21674,0.16875,0.13646,0.24095,0.36263,0.17958,0.16323,0.11905,0.13934,0.22368,0.17934,0.14006,0.14229,0.039785,0,0.13647,0.20847,0.071915,0.13839,0.14753,0.20576,0.068011,0.07581,0.20476,0.14688,0.12519,0.20285,0.17224,0.16807,0.050959,0.12626,0.21158,0,0.036025,0.16309,0.026117,0.12169,0,0.078733,0.076778,0,1,0.16527,0.026988,0,0.05379,0.11244,0.094821,0.070078,0.027913,0.020821,0.0913,0.058871,0.10609,0.17317,0.16489,0.095827,0.17003,0.20439,0.22453,0.094875,0.027861,0.19014,0.22118,0.19774,0.035014,0.028491
"D602096",0.17695,0.21216,0.13286,0.31712,0.49833,0.21331,0.12286,0,0.051151,0.20315,0.16857,0,0.37567,0.26843,0.1802,0.2247,0.092983,0.39894,0,0.15117,0.1844,0.12641,0.04536,0.052854,0.2438,0.14781,0.24929,0.1689,0.22465,0.15416,0.18899,0.083847,0.20347,0.18628,0.27782,0.038336,0.17169,0,0.33447,0.34518,0.20754,0.16724,0.49392,0.20004,0.13284,0.080799,0,0.21308,0.20381,0.14462,0.058504,0.18292,0.20947,0,0.25484,0.095163,0.17947,0.1208,0.21327,0.12897,0.17052,0,0.071946,0.20277,0,0.27263,0.26297,0,0.16362,0,0,0.10522,0,0.16527,1,0.22316,0,0.17558,0.44553,0.5792,0,0.056683,0,0.41051,0.28307,0.069539,0.2084,0.15042,0.1481,0.15457,0.22355,0.14901,0.23836,0.22664,0.34701,0.15478,0.2317,0,0.5988
"D602404",0.053056,0.045843,0.1196,0.21405,0.43804,0.12942,0.02058,0,0,0.076996,0,0,0.35401,0,0,0.069065,0,0.36289,0,0,0.28304,0.19403,0,0.040572,0.033191,0,0,0.053434,0.083687,0.029266,0,0,0.11675,0.040078,0.36341,0.058884,0.050739,0,0.31884,0.36606,0.10551,0.025239,0.23363,0.18394,0,0.18801,0,0,0.1195,0.10971,0,0.07506,0.02631,0,0,0.036418,0.03007,0.02953,0.022989,0.19797,0.15562,0,0,0,0,0,0.098566,0,0.12382,0,0,0,0,0.026988,0.22316,1,0,0.15502,0.20343,0.29994,0,0.087065,0,0.19295,0.76452,0,0.15563,0.13617,0,0.14031,0.14558,0.13573,0.2167,0.9976,0.11927,0,0.13808,0,0.36275
"D603266",0,0.094438,0,0.1166,0,0.032769,0.23292,0,0,0.079397,0.026223,0,0,0.4605,0.32502,0.11681,0.044621,0,0,0,0,0,0,0,0,0,0,0.026565,0.14643,0.06033,0,0,0,0,0,0,0,0,0,0,0.036304,0.051972,0.032545,0,0.052353,0,0.15811,0.047628,0.090723,0,0,0.076001,0.30328,0,0.039322,0.11295,0.12421,0.061216,0.11899,0,0,0.87645,0,0.031486,0.99993,0.65793,0.17337,0,0.085134,0.99983,0,0.87965,1,0,0,0,1,0,0,0,0,0,0.067413,0,0,0.055069,0.078709,0,0,0,0,0,0,0,0,0,0.069834,0,0
"D604827",0.10447,0.17807,0.22299,0.1381,0.14126,0.093136,0.061413,0,0,0.095288,0,0,0.14156,0.13326,0.1104,0.10215,0,0.11042,0,0,0.36875,0.19438,0.033108,0.050095,0.040983,0,0.075136,0.015787,0.051439,0.036136,0,0,0.12479,0.15525,0.19101,0.036053,0.031066,0,0.14054,0.10248,0.064855,0.098711,0.13133,0.11306,0,0.076022,0,0,0.19376,0.15499,0.085075,0.033982,0.066218,0,0.072342,0.022298,0.095234,0.01808,0.090462,0.19154,0.16713,0,0,0.057376,0,0,0.1679,0,0.13204,0,0,0,0,0.05379,0.17558,0.15502,0,1,0.21208,0.13576,0,0.053308,0,0.11682,0.11172,0,0.16988,0.19965,0.098323,0.15159,0.20859,0.19584,0.31524,0.16014,0.12432,0,0.15243,0,0.16378
"D605055",0.15826,0.1363,0.19786,0.41907,0.64296,0.20143,0.10041,0,0,0.076052,0.014906,0,0.51994,0.072691,0.060885,0.12105,0,0.57301,0,0,0.40673,0.2544,0,0.071486,0.097624,0,0.26222,0.060504,0.082651,0.06888,0.015163,0,0.16253,0.21867,0.28615,0.069078,0.11905,0,0.28689,0.38211,0.062929,0.060105,0.44096,0.21792,0,0.10934,0,0,0.2109,0.25072,0,0.097991,0.030862,0,0,0.042866,0.035343,0.017317,0.054632,0.26992,0.1867,0,0,0.035841,0,0,0.1577,0,0.17243,0,0,0,0,0.11244,0.44553,0.20343,0,0.21208,1,0.37655,0,0.051059,0,0.62315,0.17972,0,0.22282,0.19409,0.13249,0.16992,0.20432,0.19142,0.36775,0.20664,0.56894,0.032377,0.23264,0,0.4688
"D605526",0.046432,0.16128,0.10474,0.30622,0.51269,0.37758,0.054408,0,0.034276,0.13513,0.067244,0,0.34607,0.070585,0.16024,0.098436,0,0.27959,0,0.07991,0.24787,0.16992,0.16116,0.035506,0.14627,0,0,0.11315,0.20927,0.16276,0.068154,0,0.13634,0.21818,0.20861,0.051532,0.044404,0,0.19407,0.2362,0.18507,0.088572,0.31213,0.26867,0.13388,0.10861,0,0.081164,0.18317,0.096074,0.11814,0.14924,0.092491,0,0.067057,0.12779,0.13194,0.077736,0.12527,0.17337,0.13628,0,0.14525,0.080748,0,0.09816,0.20372,0,0.10843,0,0,0.20937,0,0.094821,0.5792,0.29994,0,0.13576,0.37655,1,0,0.076195,0,0.42623,0.21249,0.14028,0.2372,0.11925,0,0.12287,0.25651,0.11887,0.18977,0.30461,0.27255,0,0.21899,0,0.80346
"D605839",0,0,0.1065,0.071282,0,0,0,0.1786,0.42005,0.23507,0.33884,0.1079,0,0.023659,0,0.030188,0.075831,0,0.13915,0.12106,0,0,0.14541,0,0.024315,0,0,0.33542,0.069961,0,0.14403,0.17074,0,0,0,0,0,0,0,0,0.23591,0.050242,0,0,0.16826,0,0,0,0.021511,0,0.23506,0.14546,0.046435,0,0.11928,0.069511,0.040105,0.038412,0.11328,0,0,0,0,0.022461,0,0,0.043423,0.21848,0.10622,0,0,0,0,0.070078,0,0,0,0,0,0,1,0,0,0,0,0,0.028044,0,0,0,0,0,0,0,0.017493,0,0.084776,0,0
"D605841",0.22534,0.047414,0.041259,0.023369,0.059185,0.25423,0.021286,0,0,0.026563,0,0,0.045781,0,0,0.17153,0,0.035617,0,0,0.097482,0.06687,0,0.041963,0.034329,0,0,0.026669,0.028871,0.030269,0,0,0.040274,0.44769,0.06161,0.060902,0.052478,0,0.028357,0.033155,0.0364,0.026104,0.032612,0.063346,0,0.064146,0,0,0.03036,0.037847,0,0.019073,0.19725,0,0,0.037666,0.0311,0.24283,0.023777,0.068292,0.053681,0,0,0,0,0,0.034002,0,0.04271,0,0,0,0,0.027913,0.056683,0.087065,0,0.053308,0.051059,0.076195,0,1,0,0.048989,0.062691,0,0.039552,0.046922,0,0.04842,0.0502,0.046797,0.074702,0.089883,0.03029,0,0.035092,0,0.091915
"D605844",0,0,0.06162,0.035008,0,0.024553,0.20471,0,0.030181,0.079463,0.058906,0.031142,0,0.062341,0.078637,0.052116,0,0,0.042951,0,0,0,0.026847,0.093995,0.076896,0,0,0.079785,0.043118,0.0226,0.079903,0,0,0,0.046,0,0,0.090036,0,0.024735,0.081535,0.039007,0.024349,0,0,0,0.059377,0.45186,0.022664,0.08686,0.069899,0.17835,0.040777,0,0.029666,0.11285,0.046626,0.068601,0.22088,0,0,0.059478,0,0.25101,0.067708,0.043466,0.025387,0,0.031889,0.067882,0,0.059652,0.067413,0.020821,0,0,0.067413,0,0,0,0,0,1,0,0,0.74955,0.029518,0,0,0,0,0,0,0,0,0,0.026189,0,0
"D606889",0.18766,0.15947,0.1581,0.39266,0.66746,0.22721,0.057981,0,0.047428,0.1157,0.028642,0.068124,0.37463,0.067923,0.057186,0.11647,0,0.48434,0.031372,0,0.21261,0.14574,0.022732,0.068494,0.093589,0,0.060755,0.10363,0.1436,0.15686,0.01455,0,0.19743,0.11423,0.23525,0.066265,0.11422,0,0.2733,0.36751,0.059442,0.085264,0.37794,0.22187,0.034945,0.14036,0,0.026111,0.17441,0.19272,0,0.13657,0.029613,0,0.042947,0.04112,0.067685,0.03329,0.090687,0.14898,0.23389,0,0.0311,0.034393,0,0,0.22941,0,0.11649,0,0,0,0,0.0913,0.41051,0.19295,0,0.11682,0.62315,0.42623,0,0.048989,0,1,0.20553,0,0.15198,0.20467,0.040663,0.21173,0.21874,0.204,0.20359,0.19596,0.524,0.031069,0.13495,0,0.5285
"D607060",0.24425,0.066021,0.11498,0.21241,0.34253,0.11459,0.014818,0,0.056901,0.11137,0.03698,0,0.31268,0,0.101,0.081181,0.10488,0.33338,0,0,0.27199,0.18644,0,0.05843,0.0478,0.16676,0.079807,0.074722,0.12305,0.042148,0.099225,0.093274,0.11234,0.087152,0.34614,0.084794,0.22976,0,0.3693,0.35779,0.15498,0.036347,0.30115,0.17668,0.07396,0.32879,0,0.067359,0.10584,0.10547,0,0.10797,0.078011,0,0.08579,0.079225,0.021651,0.021263,0.068141,0.19058,0.14952,0,0,0.044445,0,0,0.16869,0,0.089231,0,0,0,0,0.058871,0.28307,0.76452,0,0.11172,0.17972,0.21249,0,0.062691,0,0.20553,1,0,0.13792,0.13081,0,0.13582,0.13987,0.13044,0.20822,0.75516,0.12708,0.13428,0.12237,0,0.25696
"D607154",0,0.087526,0.050381,0.071614,0,0.10378,0.19488,0,0.049408,0.11387,0.096744,0.025462,0,0.10197,0.15354,0.085285,0,0,0.035123,0.057763,0,0,0.088108,0.07685,0.1265,0,0,0.11435,0.11079,0.096004,0.1325,0,0.049198,0.076191,0.037609,0.037183,0,0.11047,0.019001,0.020227,0.13361,0.1154,0.10421,0,0.13742,0,0.048505,0.49193,0.099418,0.071019,0.1738,0.21944,0.11987,0,0.072707,0.18763,0.095297,0.093584,0.24245,0,0.032779,0.048587,0.14366,0.31085,0.05531,0.15539,0.0847,0,0.026072,0.055452,0,0.19999,0.055069,0.10609,0.069539,0,0.055069,0,0,0.14028,0,0,0.74955,0,0,1,0.15946,0.028654,0,0.029546,0.12387,0.028575,0,0,0,0,0.12616,0,0
"D607373",0.12822,0.25855,0.26745,0.25268,0.13072,0.25554,0.096963,0.12087,0.05741,0.13102,0.099079,0.15895,0.16728,0.15298,0.1359,0.20309,0.021229,0.13036,0.025308,0.063579,0.33219,0.21075,0.13267,0.15679,0.19059,0,0.057528,0.14814,0.14433,0.19739,0.15271,0.033068,0.14711,0.21568,0.25195,0.20358,0.046219,0.080284,0.1341,0.10612,0.13077,0.20948,0.31346,0.24068,0.13359,0.14112,0,0.12845,0.64599,0.17157,0.11659,0.21735,0.14276,0.053273,0.053714,0.14118,0.11098,0.11713,0.19714,0.37864,0.17278,0.069481,0.13763,0.11948,0.079081,0.10356,0.24622,0.03294,0.15537,0.0793,0.16855,0.18119,0.078709,0.17317,0.2084,0.15563,0.078709,0.16988,0.22282,0.2372,0.028044,0.039552,0.029518,0.15198,0.13792,0.15946,1,0.17538,0.075247,0.15712,0.2535,0.19412,0.30698,0.15806,0.14554,0,0.76979,0.12184,0.16189
"D607498",0.14552,0.12553,0.15719,0.12431,0.12382,0.15846,0.078762,0,0,0.11104,0,0.06524,0.14516,0.088513,0.074476,0.098482,0,0.13172,0,0,0.31658,0.18317,0,0.13189,0.10792,0,0.062109,0.041689,0.090395,0.1268,0.063464,0,0.76944,0.088326,0.22857,0.22512,0.083898,0.063152,0.11949,0.13964,0.056967,0.17322,0.10382,0.16536,0,0.10033,0,0.075577,0.11584,0.20141,0,0.081131,0.028359,0.078279,0.041136,0.059011,0.081133,0.031875,0.062955,0.21884,0.94585,0,0,0,0,0,0.16112,0,0.13563,0,0.043731,0,0,0.16489,0.15042,0.13617,0,0.19965,0.19409,0.11925,0,0.046922,0,0.20467,0.13081,0.028654,0.17538,1,0.20065,0.96381,0.91873,0.87011,0.2863,0.14067,0.16735,0.030214,0.15691,0,0.14386
"D607499",0.1418,0.12186,0.072429,0.062797,0.049247,0.036356,0.05434,0,0,0.0292,0,0,0.1171,0.15346,0.12998,0.061259,0,0.092788,0,0,0,0,0,0.034824,0.028491,0,0.18854,0,0.032179,0.025121,0.15851,0,0.15311,0.10667,0.339,0,0,0,0.073293,0.085009,0,0.20076,0.090259,0,0,0,0,0.040134,0.08961,0.096697,0,0.037091,0,0.051311,0,0,0.025818,0,0.039767,0,0.20865,0,0,0,0,0,0.089012,0,0.19799,0,0,0,0,0.095827,0.1481,0,0,0.098323,0.13249,0,0,0,0,0.040663,0,0,0.075247,0.20065,1,0.19323,0.19445,0.18379,0.12812,0,0.080241,0,0.12097,0,0
"D607501",0.15048,0.12983,0.13753,0.11438,0.12757,0.14323,0.081015,0,0,0.11486,0,0.067272,0.14999,0.090925,0.076506,0.10168,0,0.13606,0,0,0.21154,0.145,0,0.13657,0.11175,0,0.06356,0.042998,0.093165,0.13116,0.061,0,0.77407,0.091419,0.23599,0.23287,0.087296,0.065112,0.12339,0.14422,0.058699,0.17474,0.10727,0.17146,0,0.10452,0,0.077774,0.10143,0.18518,0,0.083642,0.029253,0.079625,0.042418,0.061478,0.083652,0.03288,0.064729,0.18496,0.9466,0,0,0,0,0,0.16635,0,0.13946,0,0.045092,0,0,0.17003,0.15457,0.14031,0,0.15159,0.16992,0.12287,0,0.04842,0,0.21173,0.13582,0.029546,0.15712,0.96381,0.19323,1,0.89048,0.84492,0.247,0.14494,0.15378,0.031065,0.14073,0,0.14824
"D607508",0.15418,0.21357,0.16542,0.17102,0.13228,0.22402,0.095917,0,0.022608,0.14867,0.044684,0.069796,0.15406,0.14069,0.13847,0.13083,0,0.13995,0,0.053292,0.33134,0.19309,0.060851,0.1407,0.17366,0,0.064942,0.089786,0.1499,0.18665,0.10687,0,0.73308,0.16349,0.24252,0.23999,0.058524,0.067541,0.12703,0.1485,0.12248,0.22239,0.16609,0.17683,0.088961,0.10733,0,0.10765,0.17533,0.21299,0.078498,0.10749,0.0765,0.080347,0.08873,0.12686,0.13934,0.068709,0.10695,0.23145,0.93936,0,0.096514,0.053657,0,0.065464,0.23023,0,0.14396,0,0.046783,0.13916,0,0.20439,0.22355,0.14558,0,0.20859,0.20432,0.25651,0,0.0502,0,0.21874,0.13987,0.12387,0.2535,0.91873,0.19445,0.89048,1,0.86657,0.30117,0.15039,0.13681,0,0.23199,0,0.15381
"D607516",0.14418,0.17443,0.17796,0.16066,0.12336,0.17459,0.066939,0,0,0.12526,0,0.088518,0.14399,0.10987,0.11139,0.14834,0.073403,0.15056,0,0,0.31099,0.18084,0,0.15356,0.12565,0,0.060958,0.041577,0.12143,0.17662,0.10113,0,0.67654,0.13152,0.22667,0.25652,0.054589,0.095029,0.13353,0.15735,0.056786,0.19484,0.12044,0.23277,0,0.10009,0,0.075331,0.16371,0.19927,0,0.1009,0.072003,0.075849,0.041025,0.078651,0.11435,0.048011,0.10059,0.25292,0.88643,0,0.061384,0.050869,0,0,0.19668,0,0.18049,0,0.088121,0,0,0.22453,0.14901,0.13573,0,0.19584,0.19142,0.11887,0,0.046797,0,0.204,0.13044,0.028575,0.19412,0.87011,0.18379,0.84492,0.86657,1,0.28222,0.14022,0.17927,0,0.1735,0,0.14341
"D607682",0.18491,0.15965,0.3015,0.16473,0.19698,0.18074,0.053936,0,0,0.088212,0,0,0.23023,0.071098,0.059788,0.098134,0,0.17948,0,0,0.63123,0.49231,0,0.10461,0.085583,0,0.0978,0.022123,0.071905,0.075461,0,0,0.20305,0.13987,0.31046,0.10108,0.087124,0,0.14253,0.16669,0.090658,0.088081,0.16465,0.21066,0,0.15976,0,0,0.23584,0.28401,0,0.063339,0.022574,0,0,0.062724,0.051719,0.025336,0.060334,0.42336,0.27137,0,0,0,0,0,0.17096,0,0.17929,0,0,0,0,0.094875,0.23836,0.2167,0,0.31524,0.36775,0.18977,0,0.074702,0,0.20359,0.20822,0,0.30698,0.2863,0.12812,0.247,0.30117,0.28222,1,0.22386,0.21746,0,0.27449,0,0.22894
"D607688",0.054773,0.047327,0.12355,0.2134,0.43048,0.13144,0.021246,0,0,0.079541,0,0,0.3457,0,0,0.069746,0,0.35821,0,0,0.2924,0.20044,0,0.041885,0.034265,0,0,0.053352,0.086452,0.030213,0,0,0.12061,0.041375,0.37076,0.06079,0.052381,0,0.31892,0.3672,0.109,0.026055,0.23064,0.19002,0,0.19395,0,0,0.12136,0.11333,0,0.076232,0.027161,0,0,0.037597,0.031043,0.030485,0.023733,0.20451,0.16076,0,0,0,0,0,0.10182,0,0.12791,0,0,0,0,0.027861,0.22664,0.9976,0,0.16014,0.20664,0.30461,0,0.089883,0,0.19596,0.75516,0,0.15806,0.14067,0,0.14494,0.15039,0.14022,0.22386,1,0.12114,0,0.14023,0,0.36836
"D607822",0.17861,0.13206,0.17578,0.38173,0.41813,0.17965,0.080514,0,0.029027,0.11721,0.074959,0.065048,0.42509,0.043993,0.060473,0.20137,0.029815,0.51578,0.019386,0.016338,0.24119,0.15104,0.025789,0.084775,0.092588,0.024879,0.17485,0.055003,0.098918,0.12879,0.06334,0.044779,0.15711,0.18484,0.19114,0.082001,0.10702,0,0.41276,0.42491,0.049026,0.088181,0.32026,0.26209,0.021054,0.086807,0,0.032348,0.21723,0.19617,0.048289,0.1236,0.054963,0,0,0.12878,0.095505,0.051647,0.064217,0.18352,0.12745,0,0.038429,0.042585,0,0,0.13606,0,0.14567,0,0.028226,0,0,0.19014,0.34701,0.11927,0,0.12432,0.56894,0.27255,0.017493,0.03029,0,0.524,0.12708,0,0.14554,0.16735,0.080241,0.15378,0.13681,0.17927,0.21746,0.12114,1,0.05775,0.17575,0,0.338
"D607850",0.035373,0,0,0.044611,0.037538,0.042059,0.12979,0,0.051544,0.084601,0.050174,0,0,0.092,0.13952,0.09174,0.23782,0.022592,0,0,0,0.085505,0.022769,0.053181,0.11351,0.77658,0.10764,0.067819,0.097454,0.077025,0.07226,0.084491,0.051795,0.052564,0,0,0.56953,0.077093,0.09446,0.042037,0.074962,0.066706,0.089751,0,0.066996,0,0,0.091405,0.057832,0,0,0.07589,0.20197,0,0.08148,0.09576,0.079055,0.077738,0.17641,0,0,0.18271,0,0.060306,0,0,0.070276,0,0.02719,0,0,0,0,0.22118,0.15478,0,0,0,0.032377,0,0,0,0,0.031069,0.13428,0,0,0.030214,0,0.031065,0,0,0,0,0.05775,1,0,0,0
"D608049",0.15228,0.24913,0.25461,0.27271,0.11611,0.24324,0.094509,0.074904,0.14213,0.25944,0.17089,0.14102,0.17979,0.16926,0.14876,0.20859,0.018835,0.1549,0.022456,0.079912,0.29473,0.18699,0.12139,0.17223,0.18647,0,0.1448,0.21891,0.13198,0.2023,0.24077,0.20401,0.13216,0.22462,0.26859,0.18055,0.041008,0.047643,0.15002,0.11699,0.16267,0.18956,0.34501,0.23823,0.18607,0.075134,0,0.10034,0.6204,0.16333,0.21738,0.2102,0.14033,0,0.082626,0.17351,0.1598,0.10718,0.16894,0.39078,0.15474,0.061646,0.10626,0.097257,0.070164,0.09801,0.26049,0.057452,0.18404,0.070358,0.18224,0.1703,0.069834,0.19774,0.2317,0.13808,0.069834,0.15243,0.23264,0.21899,0.084776,0.035092,0.026189,0.13495,0.12237,0.12616,0.76979,0.15691,0.12097,0.14073,0.23199,0.1735,0.27449,0.14023,0.17575,0,1,0.1081,0.14364
"D608895",0,0,0,0.058848,0,0.083883,0,0.070243,0,0,0.035087,0.11047,0,0,0,0.088821,0,0,0,0,0,0,0,0.10627,0.087646,0,0,0,0,0.21446,0.10241,0.086584,0,0.10448,0,0.16057,0,0.075706,0.071303,0,0,0.065986,0.084587,0.16921,0,0,0,0.059934,0.087551,0,0,0.026185,0.068523,0,0,0,0,0.081812,0.090912,0.20798,0,0,0,0,0,0,0,0,0,0,0.21935,0,0,0.035014,0,0,0,0,0,0,0,0,0,0,0,0,0.12184,0,0,0,0,0,0,0,0,0,0.1081,1,0
"D608907",0.056011,0.048396,0.12636,0.2507,0.63585,0.28702,0.021726,0,0,0.081347,0,0,0.43139,0,0,0.071466,0,0.34792,0,0,0.29904,0.205,0,0.042832,0.03504,0,0,0.054727,0.088416,0.030896,0,0,0.12335,0.04231,0.25227,0.062164,0.053565,0,0.24201,0.29447,0.11147,0.026644,0.28429,0.32889,0,0.13101,0,0,0.12431,0.11591,0,0.078082,0.027775,0,0,0.038447,0.031744,0.031174,0.02427,0.20915,0.16441,0,0,0,0,0,0.14027,0,0.13082,0,0,0,0,0.028491,0.5988,0.36275,0,0.16378,0.4688,0.80346,0,0.091915,0,0.5285,0.25696,0,0.16189,0.14386,0,0.14824,0.15381,0.14341,0.22894,0.36836,0.338,0,0.14364,0,1
